"cov.day3.b1"	"cov.day3.b2"	"cov.day3.b5"	"cov.day6.b7"	"cov.day6.b8"	"cov.day6.b9"	"cov.day9.b11"	"cov.day9.b12"	"cov.day9.b14"	"cov.day12.b16"	"cov.day12.b17"	"cov.day12.b19"	"cov.day19.b28"	"cov.day19.b32"	"cov.day19.b33"	"unnorm.day3.b1"	"unnorm.day3.b2"	"unnorm.day3.b5"	"unnorm.day6.b7"	"unnorm.day6.b8"	"unnorm.day6.b9"	"unnorm.day9.b11"	"unnorm.day9.b12"	"unnorm.day9.b14"	"unnorm.day12.b16"	"unnorm.day12.b17"	"unnorm.day12.b19"	"unnorm.day19.b28"	"unnorm.day19.b32"	"unnorm.day19.b33"	"unnorm.LG1"	"unnorm.LG2"	"unnorm.LG3"	"functional.category"	"protein.annotation"	"Accession"	"Taxa"	"norm.day3.b1"	"norm.day3.b2"	"norm.day3.b5"	"norm.day6.b7"	"norm.day6.b8"	"norm.day6.b9"	"norm.day9.b11"	"norm.day9.b12"	"norm.day9.b14"	"norm.day12.b16"	"norm.day12.b17"	"norm.day12.b19"	"norm.day19.b28"	"norm.day19.b32"	"norm.day19.b33"	"ave.unnorm.day3"	"ave.unnorm.day6"	"ave.unnorm.day9"	"ave.unnorm.day12"	"ave.unnorm.day19"	"ave.norm.day3"	"ave.norm.day6"	"ave.norm.day9"	"ave.norm.day12"	"ave.norm.day19"
"5-Bacillariophyta_bin2-photosystem"	0.368207766	1.191191198	0.343122767	0.261228717	0.179331515	0.483411962	1.322585513	0.149493838	1.570577775	0.432399416	0.119602153	0.050584702	0.072874132	0.047125122	0.049370488	2.5456	1.5446	1.631148219	1.217	0.9886	2.448481321	0.9383	0.7984	2.183599949	1.2997	0.8444	0.376750201	1.2534	1.1101	0.770661294	1.8977	0.6505	0.943921924	"photosystem"	"kegg:OEE3_oxygen-evolving_enhancer_protein_3_uniprot:B6ZHE9_9STRA_Extrinsic_protein_in_photosystem_II_(TrEMBL)_pfam:DUF4327"	"Bacillariophyta_bin2_NODE_7621_length_15048_cov_4.745862_2"	"Bacillariophyta_bin2"	69.1348807672894	12.9668520267222	47.5383266829391	46.5875273582575	55.1269530065588	50.6499944864831	7.09443730312507	53.4068835666658	13.9031634329602	30.0578574324439	70.6007357576581	74.4790788725018	171.995187537877	235.564376894345	156.097564601752	1.907116073	1.55136044033333	1.30676664966667	0.840283400333333	1.04472043133333	43.2133531589836	50.7881582837665	24.8014947675837	58.379224020868	187.885709677991
"10-Bacillariophyta_bin5-photosystem"	1.870142728	2.876678978	0.739233249	0.363134017	0.591454122	0.975390567	2.024336005	0.866031014	2.461251176	1.038646578	0.464898271	0.244614465	0.503611146	0.335585824	0.266322456	1.2574	1.5629	0	1.5969	1.3399	0	1.4432	1.0907	0	2.2941	1.2713	0	1.1887	0.7759	0	1.4663	0.8827	0	"photosystem"	"kegg:predicted_protein_uniprot:A0A023HAL0_9STRA_Photosystem_II_CP47_reaction_center_protein_(TrEMBL)_pfam:PSII"	"Bacillariophyta_bin5_NODE_3640_length_25517_cov_8.406459_8"	"Bacillariophyta_bin5"	6.72355099519442	5.43300108198587	0	43.9755000975301	22.6543353095441	0	7.12925125293121	12.5942371851362	0	22.087397663385	27.3457674356462	0	23.6035284254809	23.1207620975074	0	0.9401	0.978933333333333	0.844633333333333	1.18846666666667	0.654866666666667	4.05218402572676	22.2099451356914	6.57449614602247	16.477721699677	15.5747635076628
"12-Bacillariophyta_bin5-photosystem"	1.870142728	2.876678978	0.739233249	0.363134017	0.591454122	0.975390567	2.024336005	0.866031014	2.461251176	1.038646578	0.464898271	0.244614465	0.503611146	0.335585824	0.266322456	1.5657	2.7152	0.97621572	1.3522	1.8238	1.26593852	1.3619	0.8481	1.111688972	1.9461	0.793	0.733063519	0.9614	0.745	0.617048621	0.9862	0.6664	0.638280153	"photosystem"	"kegg:predicted_protein_uniprot:PSAC_PHATC_Photosystem_I_iron-sulfur_center_(SwissProt)_pfam:ETF_QO"	"Bacillariophyta_bin5_NODE_674_length_42137_cov_15.8666_2"	"Bacillariophyta_bin5"	8.37208827197065	9.4386618067746	13.2057875010435	37.2369410932934	30.8358659135357	12.9787857585463	6.72763808298712	9.79295182608783	4.51676359910046	18.7368835677231	17.0574951439215	29.9681181568719	19.0901255390404	22.1999842281776	23.1692298977597	1.75237190666667	1.48064617333333	1.10722965733333	1.15738783966667	0.774482873666667	10.3388458599296	27.0171975884585	7.0124511693918	21.9208322895055	21.4864465549926
"13-Bacillariophyta_bin5-photosystem"	1.870142728	2.876678978	0.739233249	0.363134017	0.591454122	0.975390567	2.024336005	0.866031014	2.461251176	1.038646578	0.464898271	0.244614465	0.503611146	0.335585824	0.266322456	0.9901	1.2521	0	2.2082	0.7855	0	1.3405	0.819	0	1.7207	0.636	0	1.3908	0.9694	0	1.1929	0.7523	0	"photosystem"	"kegg:Photosystem_II_protein_Y_(PsbY)_uniprot:A0A2H4MRS0_9STRA_Photosystem_II_protein_Y_(TrEMBL)_pfam:PsbY"	"Bacillariophyta_bin5_NODE_6802_length_7516_cov_3.14075_1"	"Bacillariophyta_bin5"	5.29424832220613	4.35258855637245	0	60.8095054889887	13.2808272152003	0	6.62192440725768	9.45693614616901	0	16.5667517367972	13.6804122465751	0	27.6165452462007	28.886798269524	0	0.7474	0.9979	0.719833333333333	0.785566666666667	0.786733333333333	3.21561229285953	24.696777568063	5.35962018447556	10.0823879944575	18.8344478385749
"14-Bacillariophyta_bin5-photosystem"	1.870142728	2.876678978	0.739233249	0.363134017	0.591454122	0.975390567	2.024336005	0.866031014	2.461251176	1.038646578	0.464898271	0.244614465	0.503611146	0.335585824	0.266322456	1.0613	1.2822	0.670575678	0.7616	1.3951	1.310288072	1.6537	0.2853	0.9581002	1.9887	0.84	0.222611666	1.3476	0.4253	0.359756529	0.3578	0.2503	0.421903282	"photosystem"	"kegg:psbK_photosystem_II_reaction_center_protein_K_uniprot:A0A023HCB0_9STRA_Photosystem_II_reaction_center_protein_K_(TrEMBL)_pfam:PsbK"	"Bacillariophyta_bin5_NODE_724_length_20860_cov_3.92495_23"	"Bacillariophyta_bin5"	5.67496792683302	4.45722310277195	9.07123264419076	20.9729731819644	23.5876283232666	13.4334708201048	8.16909839036331	3.29433929487426	3.89273638279005	19.1470327070196	18.0684690049105	9.10051112472028	26.7587405621082	12.6733601238174	13.508306224091	1.00469189266667	1.15566269066667	0.965700066666667	1.01710388866667	0.710885509666667	6.40114122459858	19.3313574417786	5.11872468934254	15.4386709455501	17.6468023033389
"19-Bacillariophyta_bin5-photosystem"	1.870142728	2.876678978	0.739233249	0.363134017	0.591454122	0.975390567	2.024336005	0.866031014	2.461251176	1.038646578	0.464898271	0.244614465	0.503611146	0.335585824	0.266322456	0.9837	1.9624	1.067703724	1.3347	1.4622	1.271791816	1.1375	0.5702	1.158325553	1.5533	1.112	0.595783055	1.0396	0.7867	0.692014456	1.0078	0.7111	0.937477648	"photosystem"	"kegg:predicted_protein_uniprot:A0A023HCB3_9STRA_Photosystem_I_reaction_center_subunit_II_(TrEMBL)_pfam:PsaD"	"Bacillariophyta_bin5_NODE_9116_length_5178_cov_2.05029_2"	"Bacillariophyta_bin5"	5.26002633527338	6.82175527755395	14.4433942256296	36.7550253492225	24.7221203743678	13.03879552487	5.61912645524477	6.58405981751596	4.70624682395276	14.955038921815	23.9192113493578	24.3560026182425	20.6429108699671	23.4425873722246	25.9840820933252	1.33793457466667	1.35623060533333	0.955341851	1.087027685	0.839438152	8.84172527948564	24.8386470828201	5.6364776989045	21.0767509631384	23.3565267785057
"21-Bacillariophyta_bin5-photosystem"	1.870142728	2.876678978	0.739233249	0.363134017	0.591454122	0.975390567	2.024336005	0.866031014	2.461251176	1.038646578	0.464898271	0.244614465	0.503611146	0.335585824	0.266322456	1.0171	1.9765	1.288325667	1.0894	1.4706	1.300648928	1.0205	0.6443	0.937962592	1.9711	0.9415	0.405484349	0.9301	0.6908	0.544749498	0.6335	0.6309	0.959631324	"photosystem"	"kegg:psbF_photosystem_II_protein_VI_uniprot:A0A1D8DCL4_9STRA_Cytochrome_b559_subunit_beta_(TrEMBL)_pfam:Cytochrom_B559"	"Bacillariophyta_bin5_NODE_944_length_64770_cov_83.830871_62"	"Bacillariophyta_bin5"	5.43862232957869	6.87077013151518	17.4278641922937	29.9999435194748	24.8641432242821	13.3346473915612	5.0411591627053	7.43968737359792	3.81091780126386	18.9775814194229	20.2517423430039	16.5764665225337	18.4686142748715	20.584898127282	20.4545086502206	1.42730855566667	1.286882976	0.867587530666667	1.10602811633333	0.721883166	9.91241888446251	22.7329113784394	5.43058811252236	18.6019300949869	19.8360070174581
"51-Prok_bin31-photosystem"	1.010604529	32.62717023	0.225138335	0.864973177	2.254231948	1.438685829	0.413246925	0.239512885	0.424222444	3.208976909	0.340812167	0.04266756	0.09184241	0.029927464	0.023432117	0.7484	3.4414	0.497442126	0.9924	1.064	0.914098799	0.8187	0.5947	0.403653383	1.9521	0.8353	1.087762237	0.7783	0.7593	0.460732549	1.1489	0.8513	0.384059995	"photosystem"	"kegg:allophycocyanin_beta_subunit_uniprot:A0A2A2TIY1_9CYAN_Allophycocyanin_subunit_beta_(TrEMBL)_pfam:Phycobilisome"	"Prok_bin31_NODE_60430_length_3741_cov_33.285833_5"	"Prok_bin31"	7.40546849459053	1.0547650855837	22.0949544643297	11.4731881448851	4.72001118138709	6.3537068383816	19.8113996855512	24.829561883487	9.51513501251716	6.08324726340373	24.5091015192542	254.938936512892	84.7429852940488	253.713445282233	196.624380545727	1.562414042	0.990166266333333	0.605684461	1.29172074566667	0.666110849666667	10.1850626815013	7.51563538821793	18.0520321938518	95.1770950985165	178.360270374003
"59-Prok_bin38-photosystem"	19.42639885	8.840883866	1.948140209	2.096004829	2.338213369	11.92898209	73.13253158	105.6724506	4.396672512	15.44982765	5.371540627	22.59812766	15.20904325	42.96551956	9.990125861	0.3291	0.3548	0.192612663	0.5404	0.2479	0.405885041	1.2267	0.9634	0.142946124	1.4066	0.3955	1.930607557	0.6038	1.3401	0.42297852	0.2854	0.0857	0.113946415	"photosystem"	"kegg:allophycocyanin_beta_subunit_apoprotein_uniprot:F5UM19_9CYAN_Allophycocyanin_beta_subunit_(TrEMBL)_pfam:Phycobilisome"	"Prok_bin38_NODE_1_length_578411_cov_89.4683_272"	"Prok_bin38"	0.169408649817771	0.401317340412624	0.988700208076245	2.57823833477437	1.06021119922867	0.340251194894702	0.167736569963821	0.0911685112373082	0.325123428251369	0.910430868139814	0.736287831487344	0.854321909339988	0.397000646309557	0.311901267277495	0.423396587675884	0.292170887666667	0.398061680333333	0.777682041333333	1.24423585233333	0.788959506666667	0.51980873276888	1.32623357629925	0.194676169817499	0.833680202989049	0.377432833754312
"78-Prok_bin38-photosystem"	19.42639885	8.840883866	1.948140209	2.096004829	2.338213369	11.92898209	73.13253158	105.6724506	4.396672512	15.44982765	5.371540627	22.59812766	15.20904325	42.96551956	9.990125861	0.7111	0.8514	0.752849877	1.139	0.7389	0.860771656	1.0767	0.9863	0.530593574	1.5023	0.7404	1.572593331	0.9314	1.0155	0.673685431	1.5322	0.7265	1.156615973	"photosystem"	"kegg:phycobilisome_core-membrane_linker_protein_uniprot:K9VFL6_9CYAN_Phycobilisome_core-membrane_linker_protein_(TrEMBL)_pfam:DUF5343"	"Prok_bin38_NODE_2_length_424772_cov_91.654_184"	"Prok_bin38"	0.366048285887016	0.963025883955209	3.8644542806621	5.43414778554406	3.16010510330805	0.721580139450105	0.147225861971179	0.0933355850460423	1.20680713096514	0.97237330670158	1.37837550046329	0.695895409858925	0.612398810819346	0.236352314693154	0.67435129484201	0.771783292333333	0.912890552	0.864531191333333	1.27176444366667	0.873528477	1.73117615016811	3.10527767610074	0.482456192660786	1.01554807234126	0.507700806784837
"84-Prok_bin38-photosystem"	19.42639885	8.840883866	1.948140209	2.096004829	2.338213369	11.92898209	73.13253158	105.6724506	4.396672512	15.44982765	5.371540627	22.59812766	15.20904325	42.96551956	9.990125861	0.3359	0.7304	0.490827531	0.4193	0.4601	0.589011133	1.1607	1.1789	0.259959877	1.2751	0.4627	2.086835861	0.5932	1.3065	0.404880762	0.2279	0.2754	0.329380035	"photosystem"	"kegg:phycocyanin_beta_subunit_uniprot:K9VE97_9CYAN_Phycocyanin_beta_subunit_(TrEMBL)_pfam:Phycobilisome"	"Prok_bin38_NODE_2_length_424772_cov_91.654_332"	"Prok_bin38"	0.172909041245182	0.826161740240645	2.51946717557843	2.00047249032364	1.96774172152122	0.493764789448183	0.158711858447059	0.11156171672998	0.591265044850354	0.825316650053375	0.861391604625017	0.923455204960994	0.390031108630058	0.30408104298041	0.405280942035571	0.519042510333333	0.489470377666667	0.866519959	1.27487862033333	0.768193587333333	1.17284598568809	1.48732633376435	0.287179540009131	0.870054486546462	0.36646436454868
"85-Prok_bin38-photosystem"	19.42639885	8.840883866	1.948140209	2.096004829	2.338213369	11.92898209	73.13253158	105.6724506	4.396672512	15.44982765	5.371540627	22.59812766	15.20904325	42.96551956	9.990125861	0.5296	0.9841	0.568940938	0.853	0.7514	0.863420069	1.1492	1.1164	0.434402049	1.2848	0.727	1.504927516	0.899	1.2452	0.618546069	0.737	0.6723	0.888007343	"photosystem"	"kegg:phycocyanin_alpha_subunit_uniprot:F5UAR4_9CYAN_Phycocyanin_alpha_subunit_(TrEMBL)_pfam:Phycobilisome"	"Prok_bin38_NODE_2_length_424772_cov_91.654_333"	"Prok_bin38"	0.272618720581864	1.11312399859093	2.92043116492135	4.06964711243993	3.213564724084	0.723800289484717	0.157139370834289	0.105647213976885	0.988024574981126	0.831595037243021	1.35342921236738	0.665952303059076	0.591095695648048	0.289813788533644	0.619157433656281	0.694213646	0.822606689666667	0.900000683	1.17224250533333	0.920915356333333	1.43539129469805	2.66900404200288	0.4169370532641	0.950325517556493	0.500022305945991
"86-Prok_bin38-photosystem"	19.42639885	8.840883866	1.948140209	2.096004829	2.338213369	11.92898209	73.13253158	105.6724506	4.396672512	15.44982765	5.371540627	22.59812766	15.20904325	42.96551956	9.990125861	1.3519	0.8268	0.92178756	1.2399	0.6098	1.135003924	1.5797	1.2883	0.668162942	1.0152	0.6932	1.529910922	1.4766	1.016	1.002045512	1.251	0.3052	0.929117322	"photosystem"	"kegg:photosystem_II_protein_PsbQ_uniprot:K9VG19_9CYAN_Photosystem_II_protein_PsbQ_(TrEMBL)_pfam:PsbQ"	"Prok_bin38_NODE_2_length_424772_cov_91.654_358"	"Prok_bin38"	0.695908701575949	0.935200611762	4.73162843075429	5.91553980623009	2.60797413993402	0.951467539675047	0.21600510277317	0.121914462348998	1.51970141095649	0.657094708755538	1.2905049931404	0.677007823399472	0.970869748825259	0.236468687078528	1.00303592361317	1.03349585333333	0.994901308	1.17872098066667	1.079436974	1.16488183733333	2.12091258136408	3.15832716194639	0.619206992026218	0.874869175098469	0.736791453172321
"90-Prok_bin38-photosystem"	19.42639885	8.840883866	1.948140209	2.096004829	2.338213369	11.92898209	73.13253158	105.6724506	4.396672512	15.44982765	5.371540627	22.59812766	15.20904325	42.96551956	9.990125861	0.4379	1.1282	0.615836143	0.7081	0.7783	0.818733096	1.1302	1.0809	0.389833868	1.3991	0.7833	1.376684546	0.6746	1.0229	0.567787051	0.5167	0.4847	0.615646183	"photosystem"	"kegg:photosystem_II_manganese-stabilizing_protein_PsbO_uniprot:F5UCD8_9CYAN_Photosystem_II_manganese-stabilizing_protein_PsbO_(TrEMBL)_pfam:DUF5046"	"Prok_bin38_NODE_2_length_424772_cov_91.654_65"	"Prok_bin38"	0.225414912656341	1.2761167515601	3.16114897765041	3.37833191127634	3.32860982799385	0.686339446084289	0.154541347821888	0.102287776413127	0.886656595268381	0.905576445055036	1.458240855636	0.609202924557689	0.44355189798017	0.238074625996679	0.5683482459581	0.727312047666667	0.768377698666667	0.866977956	1.18636151533333	0.755095683666667	1.55422688062228	2.46442706178482	0.381161906501132	0.991006741749574	0.416658256644983
"94-Prok_bin38-photosystem"	19.42639885	8.840883866	1.948140209	2.096004829	2.338213369	11.92898209	73.13253158	105.6724506	4.396672512	15.44982765	5.371540627	22.59812766	15.20904325	42.96551956	9.990125861	0.4388	0.8986	0.611845136	0.7952	0.5997	0.668484747	1.1414	1.3053	0.399473876	1.4244	0.6193	1.697926044	0.7306	1.2653	0.613385081	0.6465	0.3409	0.589821219	"photosystem"	"kegg:Photosystem_I_reaction_center_subunit_IV_uniprot:K9VLA7_9CYAN_Photosystem_I_reaction_center_subunit_IV_(TrEMBL)_pfam:PSI_PsaE"	"Prok_bin38_NODE_23_length_210818_cov_83.3495_160"	"Prok_bin38"	0.225878199757028	1.01641421109015	3.14066273655974	3.79388438899441	2.56477876634705	0.560387082448876	0.156072814018672	0.123523207097839	0.908582285602808	0.92195203226102	1.15292807595477	0.751356957331216	0.480372097041673	0.294491958425651	0.613991344588126	0.649748378666667	0.687794915666667	0.948724625333333	1.24720868133333	0.869761693666667	1.46098504913564	2.30635007926345	0.396059435573107	0.942079021849003	0.462951800018483
"100-Prok_bin38-photosystem"	19.42639885	8.840883866	1.948140209	2.096004829	2.338213369	11.92898209	73.13253158	105.6724506	4.396672512	15.44982765	5.371540627	22.59812766	15.20904325	42.96551956	9.990125861	0.8223	1.3009	0.797837675	1.3642	0.8216	1.037821174	1.2478	0.9355	0.590007305	1.8	0.7425	1.299470901	1.1966	0.7806	0.787559748	2.9095	1.3103	1.396799922	"photosystem"	"kegg:Phycobilisome_linker_polypeptide_uniprot:K9VCF5_9CYAN_Phycobilisome_linker_polypeptide_(TrEMBL)_pfam:CpcD"	"Prok_bin38_NODE_31_length_194179_cov_86.9155_52"	"Prok_bin38"	0.423289980994084	1.47145921122543	4.09538118105749	6.5085727910792	3.51379395436174	0.869999775479586	0.170621742888119	0.0885282772083266	1.34194053204934	1.1650615403467	1.38228499337384	0.575034764185415	0.786768753517747	0.181680568044782	0.788338164061094	0.973679225	1.07454039133333	0.924435768333333	1.280656967	0.921586582666667	1.99671012442567	3.63078884030684	0.533696850715263	1.04079376596865	0.585595828541208
"101-Prok_bin38-photosystem"	19.42639885	8.840883866	1.948140209	2.096004829	2.338213369	11.92898209	73.13253158	105.6724506	4.396672512	15.44982765	5.371540627	22.59812766	15.20904325	42.96551956	9.990125861	0.6595	1.3144	0.871059597	0.9988	0.8205	1.047140121	0.9277	1.0505	0.579206109	1.2616	0.7707	1.301643133	0.8243	1.1271	0.843214273	1.0935	0.6404	0.816534519	"photosystem"	"kegg:Phycobilisome_linker_polypeptide_uniprot:A0A2G4F299_9CYAN_Photosystem_I_reaction_center_subunit_XII_(TrEMBL)_pfam:CpcD"	"Prok_bin38_NODE_31_length_194179_cov_86.9155_53"	"Prok_bin38"	0.339486492114312	1.48672917767292	4.47123668499776	4.76525619684057	3.50908950773346	0.877811797435602	0.126851892031822	0.0994109622740215	1.31737378078343	0.816578688500774	1.43478389817268	0.575996008423293	0.541980180114222	0.262326631108473	0.844047697428704	0.948319865666667	0.955480040333333	0.852468703	1.11131437766667	0.931538091	2.09915078492833	3.05071916733654	0.514545545029756	0.94245286503225	0.5494515028838
"102-Prok_bin38-photosystem"	19.42639885	8.840883866	1.948140209	2.096004829	2.338213369	11.92898209	73.13253158	105.6724506	4.396672512	15.44982765	5.371540627	22.59812766	15.20904325	42.96551956	9.990125861	1.1429	1.4899	0.951650202	1.5397	0.6889	1.155153751	1.1116	0.9451	0.567881048	1.6709	1.0219	1.741489887	1.2326	1.0594	0.556301832	1.8492	0.8258	1.468411088	"photosystem"	"kegg:Phycobilisome_linker_polypeptide_uniprot:A0A2G4F327_9CYAN_Photosystem_I_reaction_center_subunit_XII_(TrEMBL)_pfam:CpcD"	"Prok_bin38_NODE_31_length_194179_cov_86.9155_55"	"Prok_bin38"	0.588323141527592	1.68523874149033	4.88491638129317	7.34588002230218	2.94626662020424	0.968359028695633	0.151998020030801	0.089436744831202	1.29161552617363	1.08150073764739	1.90243371680636	0.770634591149132	0.810438881485855	0.246569810128929	0.556851675084217	1.194816734	1.127917917	0.874860349333333	1.478096629	0.949433944	2.38615942143703	3.75350189040068	0.511016763678543	1.25152301520096	0.537953455566334
"103-Prok_bin38-photosystem"	19.42639885	8.840883866	1.948140209	2.096004829	2.338213369	11.92898209	73.13253158	105.6724506	4.396672512	15.44982765	5.371540627	22.59812766	15.20904325	42.96551956	9.990125861	0.371	0.4628	0.210240111	0.4781	0.2453	0.43719247	1.3128	2.0783	0.15167138	1.5224	0.4071	2.367468596	0.5457	1.6893	0.35136351	0.1909	0.2177	0.184304014	"photosystem"	"kegg:Phycocyanin_uniprot:A0A2G4F250_9CYAN_Bleomycin_hydrolase_(TrEMBL)_pfam:Phycobilisome"	"Prok_bin38_NODE_31_length_194179_cov_86.9155_72"	"Prok_bin38"	0.190977238171963	0.523477071992566	1.07918367491587	2.28100619514365	1.04909159810727	0.366496040233388	0.179509716351597	0.196673777148119	0.344968563353394	0.985383160568785	0.757883125659919	1.0476392697748	0.358799689783248	0.393175741222202	0.351710794126901	0.348013370333333	0.386864156666667	1.18092379333333	1.43232286533333	0.86212117	0.597879328360135	1.23219794449477	0.240384018951037	0.930301852001166	0.36789540837745
"107-Prok_bin38-photosystem"	19.42639885	8.840883866	1.948140209	2.096004829	2.338213369	11.92898209	73.13253158	105.6724506	4.396672512	15.44982765	5.371540627	22.59812766	15.20904325	42.96551956	9.990125861	0.5413	0.8709	0.72243309	0.7599	0.6665	0.880614996	1.1919	1.2344	0.52080065	1.67	0.6533	1.746647358	0.7906	1.2127	0.701708734	0.6273	0.4781	0.774047017	"photosystem"	"kegg:Phycobilisome_linker_polypeptide_uniprot:K9VJ63_9CYAN_Phycobilisome_linker_polypeptide_(TrEMBL)_pfam:PBS_linker_poly"	"Prok_bin38_NODE_37_length_184755_cov_85.5418_53"	"Prok_bin38"	0.278641452890791	0.985082502157143	3.70832184799898	3.62546874647492	2.85046697977373	0.738214702106238	0.162978085709528	0.116813795174728	1.18453364124474	1.08091820687721	1.2162246278399	0.772916847041123	0.519822310321854	0.28224958348438	0.702402295790255	0.711544363333333	0.769004998666667	0.982366883333333	1.35664911933333	0.901669578	1.65734860101564	2.40471680945163	0.488108507376331	1.02335322725275	0.501491396532163
"110-Prok_bin38-photosystem"	19.42639885	8.840883866	1.948140209	2.096004829	2.338213369	11.92898209	73.13253158	105.6724506	4.396672512	15.44982765	5.371540627	22.59812766	15.20904325	42.96551956	9.990125861	0.4334	0.4717	0.623411298	0.6966	0.6138	0.780164063	1.2949	0.774	0.561746299	1.3902	0.9954	0.941740155	0.6685	1.1384	1.558934927	0.5532	0.5868	0.836745143	"photosystem"	"kegg:photosystem_I_protein_PsaD_uniprot:A0A2G4EWM3_9CYAN_Photosystem_I_reaction_center_subunit_II_(TrEMBL)_pfam:PsaD"	"Prok_bin38_NODE_4_length_421873_cov_83.693_222"	"Prok_bin38"	0.223098477152908	0.533543938761654	3.200033011587	3.3234656254697	2.62508121858232	0.654007238097882	0.177062105197808	0.073245202094329	1.27766236276822	0.899815862994433	1.85309963960178	0.416733708725318	0.439541126296685	0.264956647017909	1.56047576245846	0.509503766	0.696854687666667	0.876882099666667	1.109113385	1.12194497566667	1.31889180916719	2.20085136071664	0.509323223353452	1.05654973710718	0.75499117859102
"114-Prok_bin38-photosystem"	19.42639885	8.840883866	1.948140209	2.096004829	2.338213369	11.92898209	73.13253158	105.6724506	4.396672512	15.44982765	5.371540627	22.59812766	15.20904325	42.96551956	9.990125861	0.5134	0.523	0	1.3359	0.6544	0	0.9322	0.9929	0	1.0291	0.7669	0	1.0292	0.866	0	0.5607	0.6576	0	"photosystem"	"kegg:photosystem_I_reaction_center_protein_PsaF_subunit_III_uniprot:K9VBR0_9CYAN_Photosystem_I_reaction_center_protein_PsaF_subunit_III_(TrEMBL)_pfam:PSI_PsaF"	"Prok_bin38_NODE_49_length_169122_cov_92.5143_62"	"Prok_bin38"	0.264279552769504	0.591569811262126	0	6.37355401818113	2.79871806686261	0	0.127467213271602	0.0939601565367691	0	0.666091572872659	1.42770957766787	0	0.676702658466041	0.20155697146654	0	0.345466666666667	0.663433333333333	0.6417	0.598666666666667	0.631733333333333	0.285283121343877	3.05742402834791	0.0738091232694569	0.697933716846845	0.292753209977527
"115-Prok_bin38-photosystem"	19.42639885	8.840883866	1.948140209	2.096004829	2.338213369	11.92898209	73.13253158	105.6724506	4.396672512	15.44982765	5.371540627	22.59812766	15.20904325	42.96551956	9.990125861	0.9661	1.1821	1.162765145	1.2822	0.9376	0.930955589	1.6901	0.9828	0.59513396	2.0824	0.8296	1.477652311	0.9197	1.1028	0.73596406	0.9644	0.642	0.797909975	"photosystem"	"kegg:photosystem_II_chlorophyll-binding_protein_CP47_uniprot:K9VBQ4_9CYAN_Photosystem_II_CP47_reaction_center_protein_(TrEMBL)_pfam:PSII"	"Prok_bin38_NODE_49_length_169122_cov_92.5143_73"	"Prok_bin38"	0.497312964414915	1.33708350648749	5.96859065701877	6.11735231837102	4.00989923516257	0.780414944021431	0.231100983855754	0.0930043728918689	1.35360083876086	1.34784675089887	1.54443586599722	0.653882628345148	0.604706019229711	0.256670933179331	0.736691479406778	1.10365504833333	1.050251863	1.08934465333333	1.463217437	0.91948802	2.60099570930706	3.63588883251834	0.559235398502826	1.18205508174708	0.53268947727194
"174-Prok_bin48-photosystem"	211.3578568	27.40767187	114.4310565	188.3228331	173.5317044	174.4588702	129.8357793	222.0809865	191.3827485	69.224623	285.2716715	237.78673	250.922215	288.7226066	357.405948	0.789	1.0225	0.923351943	1.6249	0.9215	1.146447182	0.9079	0.7215	0.785382748	1.4113	1.12	0.787571073	1.1006	0.8674	1.401346564	1.851	1.2838	1.708941221	"photosystem"	"kegg:Photosystem_II_reaction_center_Psb28_protein_uniprot:F5UFN8_9CYAN_Photosystem_II_reaction_center_Psb28_protein_(TrEMBL)_pfam:Psb28"	"Prok_bin48_NODE_114_length_95972_cov_257.873_41"	"Prok_bin48"	0.0373300530174566	0.37307072444895	0.0806906770977859	0.086282686663766	0.0531026882485919	0.0657144678677393	0.0699267955947795	0.0324881481918309	0.0410372802227783	0.203872544022378	0.0392608208908679	0.0331209009434631	0.0438621984904764	0.0300426769560759	0.0392088204419027	0.911617314333333	1.23094906066667	0.804927582666667	1.10629035766667	1.12311552133333	0.163697151521397	0.0683666142600324	0.0478174080031296	0.0920847552855696	0.0377045652961517
"201-Prok_bin48-photosystem"	211.3578568	27.40767187	114.4310565	188.3228331	173.5317044	174.4588702	129.8357793	222.0809865	191.3827485	69.224623	285.2716715	237.78673	250.922215	288.7226066	357.405948	0.6713	0.5791	1.195692778	2.7502	0.4945	1.186139941	0.7513	0.3883	0.358526975	1.4373	0.5932	0.240432173	1.4377	1.0894	1.727539659	2.3036	1.3808	1.257052183	"photosystem"	"kegg:Phycocyanin_uniprot:A0A2G4F250_9CYAN_Bleomycin_hydrolase_(TrEMBL)_pfam:Phycobilisome"	"Prok_bin48_NODE_132_length_91376_cov_264.575_48"	"Prok_bin48"	0.0317612985939399	0.21129120442874	0.104490233208674	0.14603646062077	0.0284962336830479	0.067989660808889	0.057865405364421	0.0174846125334552	0.0187335053869811	0.207628433021585	0.0207942133504132	0.0101112527599837	0.057296640713936	0.037731718095399	0.0483355038903829	0.815364259333333	1.476946647	0.499375658333333	0.756977391	1.41821321966667	0.115847578743785	0.080840785037569	0.0313611744282858	0.0795112997106608	0.0477879542332393
"203-Prok_bin48-photosystem"	211.3578568	27.40767187	114.4310565	188.3228331	173.5317044	174.4588702	129.8357793	222.0809865	191.3827485	69.224623	285.2716715	237.78673	250.922215	288.7226066	357.405948	0.8286	0.9464	0.870647252	2.3319	1.039	1.120214462	1.1066	0.6761	0.702578068	1.2328	1.2114	0.752053082	1.4252	0.5635	1.249653697	1.7511	1.0837	1.295673847	"photosystem"	"kegg:Phycocyanin_uniprot:A0A2G4F2A1_9CYAN_Phycobilisome_protein_(TrEMBL)_pfam:Phycobilisome"	"Prok_bin48_NODE_132_length_91376_cov_264.575_61"	"Prok_bin48"	0.0392036526365837	0.345304776154999	0.0760848740394178	0.123824602764008	0.0598737852309137	0.0642108057168881	0.0852307434796596	0.0304438489154496	0.0367106269246624	0.178086921470125	0.0424647843099976	0.0316272098951863	0.0567984783650981	0.0195170030721107	0.0349645467288082	0.881882417333333	1.497038154	0.828426022666667	1.065417694	1.07945123233333	0.153531100943667	0.0826363979039365	0.0507950731065905	0.0840596385584363	0.0370933427220057
"204-Prok_bin48-photosystem"	211.3578568	27.40767187	114.4310565	188.3228331	173.5317044	174.4588702	129.8357793	222.0809865	191.3827485	69.224623	285.2716715	237.78673	250.922215	288.7226066	357.405948	0.7773	0.9924	1.105503321	1.8013	0.9132	1.00812161	0.9302	0.567	0.78652215	1.3206	1.2002	0.695825934	1.0805	0.7761	1.231188178	1.1484	0.7352	0.895577788	"photosystem"	"kegg:Phycobilisome_linker_polypeptide_uniprot:A0A2G4F299_9CYAN_Photosystem_I_reaction_center_subunit_XII_(TrEMBL)_pfam:CpcD"	"Prok_bin48_NODE_132_length_91376_cov_264.575_63"	"Prok_bin48"	0.0367764894936236	0.362088397988399	0.0966086790433505	0.0956495805818461	0.0526243894830321	0.0577856321575559	0.071644349886842	0.0255312266455553	0.0410968154739402	0.190770269705911	0.042072176101089	0.0292626057812393	0.0430611534335451	0.0268804721992282	0.0344478927922039	0.958401107	1.24087387	0.761240716666667	1.07220864466667	1.029262726	0.165157855508458	0.0686865340741447	0.0460907973354458	0.0873683505294131	0.0347965061416591
"205-Prok_bin48-photosystem"	211.3578568	27.40767187	114.4310565	188.3228331	173.5317044	174.4588702	129.8357793	222.0809865	191.3827485	69.224623	285.2716715	237.78673	250.922215	288.7226066	357.405948	0.6268	0.5879	0.740204632	1.8111	0.7371	0.870297015	0.9897	0.7039	0.77807951	0.9692	1.1486	0.679289699	1.2117	0.9112	1.233158827	1.0918	0.8211	0.994398952	"photosystem"	"kegg:Phycobilisome_linker_polypeptide_uniprot:K9VCF5_9CYAN_Phycobilisome_linker_polypeptide_(TrEMBL)_pfam:CpcD"	"Prok_bin48_NODE_132_length_91376_cov_264.575_64"	"Prok_bin48"	0.0296558646785067	0.214501984257738	0.064685641699026	0.096169963577295	0.0424763879631439	0.0498855124994384	0.0762270620114035	0.031695644507595	0.0406556764441075	0.140007985308927	0.0402633739957597	0.0285671828280745	0.0482898654469474	0.0315597039916721	0.0345030303468816	0.651634877333333	1.139499005	0.82389317	0.932363233	1.11868627566667	0.102947830211757	0.0628439546799591	0.0495261276543687	0.069612847377587	0.0381175332618337
"257-Prok_bin48-photosystem"	211.3578568	27.40767187	114.4310565	188.3228331	173.5317044	174.4588702	129.8357793	222.0809865	191.3827485	69.224623	285.2716715	237.78673	250.922215	288.7226066	357.405948	0.8983	0.9183	1.232351184	1.3313	0.874	0.921052098	0.7813	0.4442	1.265212655	1.4456	0.9619	0.78384769	1.3117	0.7771	1.546645403	0.8448	0.5686	0.840311348	"photosystem"	"kegg:Photosystem_II_reaction_center_L_PsbL_uniprot:F5UNS8_9CYAN_Photosystem_II_reaction_center_protein_L_(TrEMBL)_pfam:PsbL"	"Prok_bin48_NODE_14_length_244538_cov_252.335_152"	"Prok_bin48"	0.0425013772187342	0.335052172382856	0.10769376965422	0.0706924369225624	0.050365436277015	0.052794798965745	0.0601760165196621	0.0200017123032728	0.0661090231442674	0.208827428355948	0.0337187353704695	0.0329643159649826	0.0522751642376503	0.0269151075196756	0.0432741931592028	1.01631706133333	1.042117366	0.830237551666667	1.06378256333333	1.21181513433333	0.161749106418603	0.0579508907217741	0.0487622506557341	0.0918368265638	0.0408214883055096
"267-Prok_bin48-photosystem"	211.3578568	27.40767187	114.4310565	188.3228331	173.5317044	174.4588702	129.8357793	222.0809865	191.3827485	69.224623	285.2716715	237.78673	250.922215	288.7226066	357.405948	0.5963	0.5893	0.860692441	1.9487	0.5491	1.038112998	0.7659	0.7477	0.35310179	1.3412	0.5281	0.740445137	1.1325	1.1429	1.399775505	2.7156	1.5904	1.833283901	"photosystem"	"kegg:allophycocyanin_alpha_subunit_apoprotein_uniprot:K9VK86_9CYAN_Allophycocyanin_alpha_subunit_apoprotein_(TrEMBL)_pfam:Phycobilisome"	"Prok_bin48_NODE_14_length_244538_cov_252.335_191"	"Prok_bin48"	0.0282128144668053	0.215012790139625	0.0752149344177382	0.103476565635843	0.031642632791429	0.0595047415364954	0.058989902793305	0.0336678979945003	0.0184500323444775	0.193746089451437	0.0185121781361315	0.0311390436716128	0.0451335088047107	0.039584707739335	0.0391648631712195	0.682097480333333	1.178637666	0.62223393	0.869915045666667	1.22505850166667	0.106146846341389	0.064874646654589	0.0370359443774276	0.0811324370863938	0.0412943599050884
"268-Prok_bin48-photosystem"	211.3578568	27.40767187	114.4310565	188.3228331	173.5317044	174.4588702	129.8357793	222.0809865	191.3827485	69.224623	285.2716715	237.78673	250.922215	288.7226066	357.405948	0.5037	0.4463	0.757911503	2.4796	0.5244	1.029934049	0.6947	0.4329	0.430118084	1.2961	0.5556	0.541880012	1.4133	1.0401	1.381780982	2.0029	1.2154	1.125487924	"photosystem"	"kegg:allophycocyanin_beta_subunit_apoprotein_uniprot:F5UM19_9CYAN_Allophycocyanin_beta_subunit_(TrEMBL)_pfam:Phycobilisome"	"Prok_bin48_NODE_14_length_244538_cov_252.335_192"	"Prok_bin48"	0.0238316193978364	0.162837617918402	0.0662330250354719	0.131667517909702	0.030219261766209	0.0590359233565643	0.0535060523181995	0.0194928889150985	0.0224742348707569	0.187231066610504	0.0194761715062198	0.0227884883231289	0.0563242278090045	0.0360241967973422	0.0386613874148507	0.569303834333333	1.344644683	0.519239361333333	0.797860004	1.27839366066667	0.0843007541172368	0.073640901010825	0.031824392034685	0.0764985754799508	0.0436699373403991
"269-Prok_bin48-photosystem"	211.3578568	27.40767187	114.4310565	188.3228331	173.5317044	174.4588702	129.8357793	222.0809865	191.3827485	69.224623	285.2716715	237.78673	250.922215	288.7226066	357.405948	0.5831	0.4456	0.768271148	1.7779	0.6321	0.817314565	0.9806	0.6818	0.694569767	1.0032	1.1463	0.888171852	1.1669	0.8211	0.959204912	0.9553	0.4685	0.633081019	"photosystem"	"kegg:phycobilisome_core_linker_protein_uniprot:K9VJG4_9CYAN_Phycobilisome_7.8_kDa_linker_polypeptide_allophycocyanin-associated_core_(TrEMBL)_pfam:CpcD"	"Prok_bin48_NODE_14_length_244538_cov_252.335_193"	"Prok_bin48"	0.0275882812604296	0.162582214977459	0.0671383426404003	0.0944070334294477	0.0364256204470265	0.0468485531324964	0.075526176627647	0.0307005120404578	0.0362921826781059	0.144919532461737	0.0401827490957159	0.037351615542213	0.0465044515887125	0.0284390616193613	0.0268379672293534	0.598990382666667	1.07577152166667	0.785656589	1.012557284	0.982401637333333	0.0857696129594297	0.0592270690029902	0.0475062904487369	0.074151299033222	0.0339271601458091
"272-Prok_bin48-photosystem"	211.3578568	27.40767187	114.4310565	188.3228331	173.5317044	174.4588702	129.8357793	222.0809865	191.3827485	69.224623	285.2716715	237.78673	250.922215	288.7226066	357.405948	0.7328	0.7174	0.966161072	1.8795	0.8584	0.910984457	1.1751	0.6859	0.737555861	1.1397	1.3865	0.745375872	1.2352	0.88	1.110395551	1.1616	0.571	0.773608267	"photosystem"	"kegg:photosystem_I_reaction_center_subunit_XII_uniprot:A0A2G4F6C6_9CYAN_Photosystem_I_reaction_center_subunit_XII_(TrEMBL)_pfam:CpcD"	"Prok_bin48_NODE_14_length_244538_cov_252.335_5"	"Prok_bin48"	0.0346710555781904	0.261751528332202	0.0844317182372602	0.0998020244843056	0.0494664651031918	0.0522177207702678	0.0905066389507934	0.03088512937599	0.0385382625540044	0.164637949707577	0.0486027930046324	0.0313464032244356	0.0492264106627626	0.0304790819937132	0.0310681889099395	0.805453690666667	1.216294819	0.866185287	1.09052529066667	1.075198517	0.126951434049218	0.0671620701192551	0.053310010293596	0.0815290486455484	0.0369245605221384
"277-Prok_bin48-photosystem"	211.3578568	27.40767187	114.4310565	188.3228331	173.5317044	174.4588702	129.8357793	222.0809865	191.3827485	69.224623	285.2716715	237.78673	250.922215	288.7226066	357.405948	0.7442	0.6003	0.968810141	1.7666	0.7148	0.990528703	1.0851	0.6439	0.778476238	1.1245	1.1955	0.823011935	1.1577	0.8708	1.084339023	1.2717	0.6665	0.863657653	"photosystem"	"kegg:cpeC_phycoerythrin-associated_linker_protein_uniprot:A0A2G4F6C5_9CYAN_Photosystem_I_reaction_center_subunit_XII_(TrEMBL)_pfam:CpcD"	"Prok_bin48_NODE_14_length_244538_cov_252.335_6"	"Prok_bin48"	0.0352104251655148	0.219026264925872	0.0846632173670441	0.0938069999755117	0.0411913201954351	0.0567772049575041	0.0835748054850702	0.0289939274022452	0.0406764060032297	0.162442199215733	0.0419074208705648	0.03461134837087	0.0461378040999678	0.0301604370455971	0.0303391431806837	0.771103380333333	1.15730956766667	0.835825412666667	1.047670645	1.03761300766667	0.112966635819477	0.063925175042817	0.051081712963515	0.0796536561523892	0.0355457947754162
"285-Prok_bin48-photosystem"	211.3578568	27.40767187	114.4310565	188.3228331	173.5317044	174.4588702	129.8357793	222.0809865	191.3827485	69.224623	285.2716715	237.78673	250.922215	288.7226066	357.405948	1.1375	0.5992	1.243110538	1.9967	0.9882	1.091107488	1.272	0.7462	1.055965781	1.6659	1.0566	0.818095446	1.3593	0.8648	1.136500716	2.3538	0.7499	1.322892427	"photosystem"	"kegg:Photosystem_I_assembly_protein_ycf4_uniprot:F5UIS6_9CYAN_Photosystem_I_assembly_protein_Ycf4_(TrEMBL)_pfam:Ycf4"	"Prok_bin48_NODE_145_length_84159_cov_274.862_55"	"Prok_bin48"	0.053818675928209	0.218624917447248	0.10863401737447	0.106025380307429	0.0569463662802588	0.0625423910374492	0.0979699129822221	0.0336003550668666	0.0551755991214642	0.240651364760773	0.0370383779940098	0.0344045879263321	0.0541721664620249	0.0299526251229127	0.0317985954727312	0.993270179333333	1.35866916266667	1.024721927	1.180198482	1.12020023866667	0.127025870249976	0.075171379208379	0.0622486223901843	0.104031443560372	0.0386411290192229
"286-Prok_bin48-photosystem"	211.3578568	27.40767187	114.4310565	188.3228331	173.5317044	174.4588702	129.8357793	222.0809865	191.3827485	69.224623	285.2716715	237.78673	250.922215	288.7226066	357.405948	0.5414	0.6673	0	1.4573	0.7993	0	0.8621	0.9199	0	0.8184	1.1705	0	1.0448	1.341	0	1.3881	0.9068	0	"photosystem"	"kegg:Photosystem_II_D2_protein_uniprot:K9VIS7_9CYAN_Photosystem_II_D2_protein_(TrEMBL)_pfam:PEMT"	"Prok_bin48_NODE_145_length_84159_cov_274.862_56"	"Prok_bin48"	0.0256153240857427	0.243471974987564	0	0.0773830754354768	0.0460607473869772	0	0.0663992625644447	0.0414218260868541	0	0.118223829113522	0.0410310632613936	0	0.0416384017652642	0.0464459647199652	0	0.4029	0.7522	0.594	0.662966666666667	0.795266666666667	0.0896957663577689	0.041147940940818	0.0359403628837663	0.0530849641249719	0.0293614554950765
"287-Prok_bin48-photosystem"	211.3578568	27.40767187	114.4310565	188.3228331	173.5317044	174.4588702	129.8357793	222.0809865	191.3827485	69.224623	285.2716715	237.78673	250.922215	288.7226066	357.405948	0.6965	0.6549	0.64970088	1.6952	0.783	0.876776457	1.1718	0.8365	0.789163172	1.1044	1.119	0.881565869	1.2679	1.1809	1.308018088	1.1645	0.816	0.948577821	"photosystem"	"kegg:photosystem_II_44_kDa_subunit_reaction_center_protein_uniprot:A0A2G4EZL4_9CYAN_Photosystem_II_CP43_reaction_center_protein_(TrEMBL)_pfam:PSII"	"Prok_bin48_NODE_145_length_84159_cov_274.862_58"	"Prok_bin48"	0.0329535892606572	0.23894769431943	0.0567766216507841	0.0900156381515269	0.0451214377630466	0.0502569147670658	0.0902524717237169	0.037666439310418	0.0412348123425555	0.159538608104807	0.039225766586501	0.0370738042867236	0.0505296033673224	0.0409008499163363	0.0365975467201794	0.667033626666667	1.11832548566667	0.932487724	1.034988623	1.252272696	0.109559301743624	0.0617979968938798	0.0563845744588968	0.0786127263260105	0.0426760000012794
"297-Prok_bin48-photosystem"	211.3578568	27.40767187	114.4310565	188.3228331	173.5317044	174.4588702	129.8357793	222.0809865	191.3827485	69.224623	285.2716715	237.78673	250.922215	288.7226066	357.405948	0.6681	0.7157	0.758865118	1.5626	0.9669	0.952021718	0.9942	0.7742	0.912591398	1.025	1.281	0.691527009	1.0992	1.075	1.320034981	0.9886	0.6241	0.821808338	"photosystem"	"kegg:photosystem_II_protein_Psb27_uniprot:K9VG74_9CYAN_Photosystem_II_lipoprotein_Psb27_(TrEMBL)_pfam:LemA"	"Prok_bin48_NODE_15_length_244022_cov_258.957_11"	"Prok_bin48"	0.0316098966045155	0.261131264047055	0.0663163603667331	0.0829745376212695	0.0557189248698464	0.0545699807013883	0.0765736536846897	0.0348611563826965	0.0476840992802442	0.148068700930303	0.0449045638939301	0.0290818166766497	0.0438064043074066	0.0372329694809565	0.0369337720423164	0.714221706	1.16050723933333	0.893663799333333	0.999175669666667	1.16474499366667	0.119685840339434	0.0644211477308347	0.0530396364492101	0.0740183605002944	0.0393243819435598
"300-Prok_bin48-photosystem"	211.3578568	27.40767187	114.4310565	188.3228331	173.5317044	174.4588702	129.8357793	222.0809865	191.3827485	69.224623	285.2716715	237.78673	250.922215	288.7226066	357.405948	0.6411	0.6614	1.000697017	2.5274	0.5889	1.148014069	0.6843	0.4953	0.450815946	1.3421	0.5951	0.31465143	1.3113	1.1317	1.552728891	1.714	1.406	1.330860972	"photosystem"	"kegg:phycocyanin_beta_subunit_uniprot:K9VE97_9CYAN_Phycocyanin_beta_subunit_(TrEMBL)_pfam:Phycobilisome"	"Prok_bin48_NODE_15_length_244022_cov_258.957_15"	"Prok_bin48"	0.0303324423187471	0.241319293056758	0.0874497752277591	0.134205712520156	0.0339361618118239	0.0658042819882941	0.0527050404510492	0.0223026747046623	0.0235557253479407	0.193876100993717	0.0208608165287102	0.0132325058677581	0.0522592230424875	0.0391967921503241	0.0434444054355805	0.767732339	1.421438023	0.543471982	0.750617143333333	1.33190963033333	0.119700503534421	0.0779820521067582	0.0328544801678841	0.0759898077967285	0.0449668068761307
"302-Prok_bin48-photosystem"	211.3578568	27.40767187	114.4310565	188.3228331	173.5317044	174.4588702	129.8357793	222.0809865	191.3827485	69.224623	285.2716715	237.78673	250.922215	288.7226066	357.405948	0.7375	0.6553	0.960542202	2.1384	0.6648	1.000896811	0.6853	0.4869	0.501147449	1.2775	0.5774	0.400940448	1.2566	0.8572	1.320200086	1.7212	1.3433	1.334554315	"photosystem"	"kegg:phycocyanin_alpha_subunit_uniprot:F5UAR4_9CYAN_Phycocyanin_alpha_subunit_(TrEMBL)_pfam:Phycobilisome"	"Prok_bin48_NODE_15_length_244022_cov_258.957_16"	"Prok_bin48"	0.0348934272501575	0.239093638857112	0.0839406915726589	0.113549693619175	0.0383100023306173	0.0573715059516647	0.0527820608228906	0.0219244343099133	0.0261856124926537	0.184544161403378	0.0202403553414171	0.0168613466361222	0.050079264603973	0.0296893966875124	0.0369383915793142	0.784447400666667	1.26803227033333	0.557782483	0.751946816	1.14466669533333	0.119309252559976	0.0697437339671523	0.0336307025418192	0.0738819544603058	0.0389023509569332
"307-Prok_bin48-photosystem"	211.3578568	27.40767187	114.4310565	188.3228331	173.5317044	174.4588702	129.8357793	222.0809865	191.3827485	69.224623	285.2716715	237.78673	250.922215	288.7226066	357.405948	0.5876	0.7296	0.990167439	2.0095	0.7273	0.812993288	0.7843	0.5185	0.597094059	1.0873	1.0319	0.75915271	1.0528	0.9506	1.130085707	1.3792	1.0567	1.009055257	"photosystem"	"kegg:Phycobilisome_linker_polypeptide_uniprot:K9VGW3_9CYAN_Phycobilisome_linker_polypeptide_(TrEMBL)_pfam:CpcD"	"Prok_bin48_NODE_15_length_244022_cov_258.957_17"	"Prok_bin48"	0.0278011903080577	0.266202836731495	0.0865296073710549	0.106705064219852	0.0419116496616396	0.0466008570998988	0.0604070776351862	0.0233473386520642	0.0311989488958562	0.157068388801482	0.0361725366761487	0.0319257811400998	0.0419572256685204	0.0329243356172997	0.0316191074413792	0.769122479666667	1.18326442933333	0.633298019666667	0.959450903333333	1.04449523566667	0.126844544803536	0.0650725236604635	0.0383177883943689	0.0750555688725768	0.0355002229090665
"310-Prok_bin48-photosystem"	211.3578568	27.40767187	114.4310565	188.3228331	173.5317044	174.4588702	129.8357793	222.0809865	191.3827485	69.224623	285.2716715	237.78673	250.922215	288.7226066	357.405948	0.5524	0.3925	0.586973846	1.4439	0.6917	0.873799682	1.0095	0.7229	0.748145521	0.9316	1.1146	0.698841333	1.2275	0.936	1.327801108	1.3486	0.968	1.044571996	"photosystem"	"kegg:photosystem_II_protein_PsbQ_uniprot:F5UAP9_9CYAN_Photosystem_II_protein_PsbQ_(TrEMBL)_pfam:DUF4972"	"Prok_bin48_NODE_15_length_244022_cov_258.957_36"	"Prok_bin48"	0.0261357684243891	0.143208077600208	0.0512949774259927	0.0766715313396589	0.0398601513418893	0.0500862857244389	0.0777520653738626	0.0325511882576224	0.039091586199056	0.134576391986996	0.0390715276472869	0.0293894168526562	0.0489195426558784	0.0324186599387677	0.0371510635295863	0.510624615333333	1.00313322733333	0.826848507	0.915013777666667	1.163767036	0.07354627448353	0.0555393228019957	0.0497982799435137	0.0676791121623129	0.0394964220414108
"316-Prok_bin48-photosystem"	211.3578568	27.40767187	114.4310565	188.3228331	173.5317044	174.4588702	129.8357793	222.0809865	191.3827485	69.224623	285.2716715	237.78673	250.922215	288.7226066	357.405948	0.4875	0.6149	0.678089499	1.8052	0.697	0.868988514	1.0595	0.7409	0.725464761	0.915	1.1977	0.657772541	1.1222	1.0491	1.139817834	0.9009	0.7183	0.745219767	"photosystem"	"kegg:Photosystem_I_P700_chlorophyll_a_apoprotein_A1_uniprot:K9VEN8_9CYAN_Photosystem_I_P700_chlorophyll_a_apoprotein_A1_(TrEMBL)_pfam:CcmH"	"Prok_bin48_NODE_15_length_244022_cov_258.957_78"	"Prok_bin48"	0.0230651468263753	0.224353240551256	0.0592574708073241	0.0958566717739125	0.04016557103556	0.0498105090904114	0.0816030839659311	0.0333617033892273	0.0379064866967359	0.132178401318271	0.0419845403401718	0.0276622896912708	0.0447230230292683	0.0363359146813688	0.031891406407148	0.593496499666667	1.12372950466667	0.841954920333333	0.923490847	1.10370594466667	0.102225286061652	0.0619442506332946	0.0509570913506314	0.0672750771165712	0.0376501147059283
"317-Prok_bin48-photosystem"	211.3578568	27.40767187	114.4310565	188.3228331	173.5317044	174.4588702	129.8357793	222.0809865	191.3827485	69.224623	285.2716715	237.78673	250.922215	288.7226066	357.405948	0.5635	0.6594	0.698367834	1.551	0.7907	0.829320729	1.1035	0.8747	0.71804744	0.9076	1.0859	0.763001204	1.0634	1.0163	1.033405542	0.6576	0.4759	0.851908743	"photosystem"	"kegg:Photosystem_I_P700_chlorophyll_a_apoprotein_A2_uniprot:A0A2G4EWS7_9CYAN_Photosystem_I_P700_chlorophyll_a_apoprotein_A2_(TrEMBL)_pfam:PsaA_PsaB"	"Prok_bin48_NODE_15_length_244022_cov_258.957_79"	"Prok_bin48"	0.0266609440752051	0.24058957036835	0.0610295714607861	0.0823585740756361	0.0455651607142285	0.0475367476614554	0.0849919803269513	0.0393865325341573	0.0375189219314613	0.131109417526189	0.0380654691119584	0.0320876275980581	0.0423796673403349	0.035199876170694	0.0289140555097869	0.640422611333333	1.05700690966667	0.898749146666667	0.918833734666667	1.03770184733333	0.109426695301447	0.0584868274837733	0.0539658115975233	0.0670875047454017	0.0354978663402719
"342-Prok_bin48-photosystem"	211.3578568	27.40767187	114.4310565	188.3228331	173.5317044	174.4588702	129.8357793	222.0809865	191.3827485	69.224623	285.2716715	237.78673	250.922215	288.7226066	357.405948	0.4886	0.6576	1.131433725	1.4854	0.4803	1.049978733	0.8258	0.8983	1.011910439	0.8475	0.84	1.281687975	0.9652	1.5802	1.584191918	0.8612	0.7322	1.357700348	"photosystem"	"kegg:Photosystem_I_reaction_center_subunit_PsaK_uniprot:K9VKM8_9CYAN_Photosystem_I_reaction_center_subunit_PsaK_(TrEMBL)_pfam:DUF3487"	"Prok_bin48_NODE_183_length_75776_cov_244.895_5"	"Prok_bin48"	0.0231171912602399	0.239932819948782	0.0988747075842999	0.078875194024468	0.0276779394094397	0.0601848866610395	0.063603423066603	0.0404492079289282	0.0528736496330546	0.122427535647251	0.0294456156681509	0.0539007359662164	0.0384661039278647	0.0547307333709836	0.0443247217027289	0.759211241666667	1.00522624433333	0.912003479666667	0.989729325	1.37653063933333	0.120641572931107	0.0555793400316491	0.0523087602095286	0.0685912957605394	0.0458405196671924
"365-Prok_bin48-photosystem"	211.3578568	27.40767187	114.4310565	188.3228331	173.5317044	174.4588702	129.8357793	222.0809865	191.3827485	69.224623	285.2716715	237.78673	250.922215	288.7226066	357.405948	0.6848	0.9864	0.94272548	0.9956	0.6197	0.776001215	1.1064	0.7107	0.70955652	0.8364	0.7144	0.873266578	1.2316	1.2522	1.333929777	0.548	0.3767	0.77610898	"photosystem"	"kegg:Photosystem_Q(B)_protein_uniprot:F5UCM8_9CYAN_Photosystem_II_protein_D1_(TrEMBL)_pfam:DUF4064"	"Prok_bin48_NODE_2092_length_15944_cov_256.062_5"	"Prok_bin48"	0.0324000257368242	0.359899229923173	0.0823837084821462	0.0528666643131549	0.0357110536165517	0.0444804677521063	0.0852153394052913	0.032001839112868	0.0370752602082105	0.120824059959128	0.025042795039675	0.0367247818244525	0.0490829399062973	0.043370348264236	0.037322539942732	0.871308493333333	0.797100405	0.84221884	0.808022192666667	1.27257659233333	0.158227654714048	0.0443527285606043	0.0514308129087899	0.060863878941085	0.0432586093710884
"412-Prok_bin48-photosystem"	211.3578568	27.40767187	114.4310565	188.3228331	173.5317044	174.4588702	129.8357793	222.0809865	191.3827485	69.224623	285.2716715	237.78673	250.922215	288.7226066	357.405948	0.6514	1.4912	0.810282409	1.1869	1.2883	1.044486284	0.7737	1.1109	0.779531777	1.278	1.1224	0.825557828	1.1286	0.7103	1.141103506	1.8066	0.573	1.176283121	"photosystem"	"kegg:photosystem_II_oxygen_evolving_complex_protein_PsbP_uniprot:F5UPQ6_9CYAN_Photosystem_II_oxygen_evolving_complex_protein_PsbP_(TrEMBL)_pfam:PsbP"	"Prok_bin48_NODE_315_length_56053_cov_254.311_38"	"Prok_bin48"	0.0308197674722069	0.544081236477529	0.0708096590019686	0.06302475278554	0.0742400361048952	0.0598700589315177	0.0595906616936677	0.0500222922055509	0.0407315593024833	0.184616390037978	0.0393449512213483	0.0347184146062314	0.0449780821518732	0.0246014681137892	0.0319273787239825	0.984294136333333	1.17322876133333	0.888043925666667	1.075319276	0.993334502	0.215236887650568	0.0657116159406509	0.0501148377339006	0.0862265852885193	0.0338356429965483
"415-Prok_bin48-photosystem"	211.3578568	27.40767187	114.4310565	188.3228331	173.5317044	174.4588702	129.8357793	222.0809865	191.3827485	69.224623	285.2716715	237.78673	250.922215	288.7226066	357.405948	0.6132	0.8285	0.977803826	1.9366	0.6737	1.155454159	0.7774	0.533	0.439292699	1.4629	0.6116	0.472147167	1.4109	1.0119	1.339588404	2.9383	1.8169	2.439950943	"photosystem"	"kegg:Photosystem_II_12_kDa_extrinsic_protein_uniprot:K9VNA6_9CYAN_Photosystem_II_12_kDa_extrinsic_protein_(TrEMBL)_pfam:HHH_3"	"Prok_bin48_NODE_315_length_56053_cov_254.311_52"	"Prok_bin48"	0.029012406223453	0.302287623673305	0.0854491652797071	0.10283405193738	0.0388228769105549	0.0662307486959754	0.0598756370694807	0.0240002536191904	0.0229536205558256	0.211326539113113	0.0214392125507632	0.0198559089903797	0.0562285806380276	0.0350474807607254	0.0374808648679792	0.806501275333333	1.25525138633333	0.583230899666667	0.848882389	1.254129468	0.138916398392155	0.0692958925146369	0.0356098370814989	0.0842072202180853	0.0429189754222441
"426-Prok_bin48-photosystem"	211.3578568	27.40767187	114.4310565	188.3228331	173.5317044	174.4588702	129.8357793	222.0809865	191.3827485	69.224623	285.2716715	237.78673	250.922215	288.7226066	357.405948	0.6996	0.6334	0.899373174	1.9574	0.7172	0.985604823	0.8083	0.5459	0.680393994	1.1696	1.2356	0.715308547	1.2407	0.778	1.306843638	1.7416	1.1994	1.404045224	"photosystem"	"kegg:Phycobilisome_linker_polypeptide_uniprot:A0A2G4F1S1_9CYAN_Phycobilisome_rod-core_linker_polypeptide_CpcG_(TrEMBL)_pfam:DUF4214"	"Prok_bin48_NODE_361_length_52276_cov_266.047_46"	"Prok_bin48"	0.0331002599379121	0.231103175419036	0.0785951997218517	0.103938538295068	0.0413296234529464	0.0564949676602915	0.062255566559379	0.0245811227968406	0.0355514799182644	0.168957222056666	0.0433130984756753	0.0300819371627677	0.0494456020962512	0.0269462793080783	0.0365646863269326	0.744124391333333	1.22006827433333	0.678197998	1.04016951566667	1.108514546	0.114266211692933	0.0672543764694352	0.040796056424828	0.0807840858983697	0.037652189243754
"442-Prok_bin48-photosystem"	211.3578568	27.40767187	114.4310565	188.3228331	173.5317044	174.4588702	129.8357793	222.0809865	191.3827485	69.224623	285.2716715	237.78673	250.922215	288.7226066	357.405948	0.6961	0.5943	0.810447335	1.7457	0.7866	0.954357982	0.926	0.697	0.86620748	0.9756	1.2635	0.76146096	1.1925	0.8521	1.257501841	1.2784	0.7767	0.914067149	"photosystem"	"kegg:phycobilisome_core-membrane_linker_protein_uniprot:A0A2G4F675_9CYAN_Photosystem_I_reaction_center_subunit_X_(TrEMBL)_pfam:Acetyltransf_11"	"Prok_bin48_NODE_397_length_49723_cov_262.659_49"	"Prok_bin48"	0.0329346640119791	0.216837096860646	0.0708240716977039	0.0926972035872585	0.0453288926493135	0.0547038955890246	0.0713208643251083	0.0313849470404798	0.0452604786371328	0.140932511831809	0.0442911135675103	0.0320228534199532	0.0475246880791324	0.0295127565532307	0.0351841330016142	0.700282445	1.16221932733333	0.829735826666667	1.00018698666667	1.10070061366667	0.106865277523443	0.0642433306085322	0.0493220966675736	0.0724154929397574	0.0374071925446591
"452-Prok_bin48-photosystem"	211.3578568	27.40767187	114.4310565	188.3228331	173.5317044	174.4588702	129.8357793	222.0809865	191.3827485	69.224623	285.2716715	237.78673	250.922215	288.7226066	357.405948	0.4711	0.4428	0.726364017	1.5984	0.5884	0.812760055	0.6969	0.6285	0.543995082	0.6267	0.8053	0.627651453	1.0322	1.056	1.687754512	0.5411	0.5117	0.779066265	"photosystem"	"kegg:Photosystem_I_reaction_center_subunit_IV_uniprot:K9VLA7_9CYAN_Photosystem_I_reaction_center_subunit_IV_(TrEMBL)_pfam:PSI_PsaE"	"Prok_bin48_NODE_42_length_164860_cov_252.793_25"	"Prok_bin48"	0.0222892116305752	0.161560603213687	0.0634761260812094	0.0848755285638277	0.0339073486331758	0.0465874881608628	0.0536754971362505	0.0283004866785388	0.0284244575994267	0.0905313706078255	0.0282292313066213	0.0263955626539799	0.0411362541176356	0.0365748983924558	0.0472223397916142	0.546754672333333	0.999853351666667	0.623131694	0.686550484333333	1.258651504	0.0824419803084905	0.0551234551192887	0.036800147138072	0.0483853881894756	0.0416444974339019
"503-Prok_bin48-photosystem"	211.3578568	27.40767187	114.4310565	188.3228331	173.5317044	174.4588702	129.8357793	222.0809865	191.3827485	69.224623	285.2716715	237.78673	250.922215	288.7226066	357.405948	0.5682	0.4637	0.505526662	1.5584	0.6889	0.818931103	1.1117	0.6981	0.749313235	0.9083	0.9769	0.738548875	1.0757	0.7325	1.054349184	1.0252	0.8183	0.893097818	"photosystem"	"kegg:Photosystem_Q(B)_protein_uniprot:K9VDV2_9CYAN_Photosystem_II_protein_D1_(TrEMBL)_pfam:DUF4064"	"Prok_bin48_NODE_468_length_45110_cov_250.6_35"	"Prok_bin48"	0.0268833157471722	0.169186205307558	0.0441774005643302	0.0827515163375057	0.0396987975414595	0.0469412132533689	0.0856235473760506	0.0314344785207445	0.0391526007894071	0.131210537614629	0.0342445499359722	0.0310592973375764	0.0428698590915914	0.0253703722277215	0.0295000458134513	0.512475554	1.02207703433333	0.853037745	0.874582958333333	0.954183061333333	0.0800823072063534	0.0564638423774447	0.0520702088954007	0.0655047949627258	0.0325800923775881
"519-Prok_bin48-photosystem"	211.3578568	27.40767187	114.4310565	188.3228331	173.5317044	174.4588702	129.8357793	222.0809865	191.3827485	69.224623	285.2716715	237.78673	250.922215	288.7226066	357.405948	0.6575	0.8069	0.777849853	1.3387	0.7388	0.770022988	0.9705	0.9291	0.679763973	0.9545	1.0406	1.131013393	1.1502	0.8329	1.137865543	0.904	0.6149	0.748683691	"photosystem"	"kegg:Photosystem_I_iron-sulfur_center_uniprot:A0A2L2NEX1_9NOSO_Photosystem_I_subunit_VII_(TrEMBL)_pfam:ETF_QO"	"Prok_bin48_NODE_48_length_152095_cov_260.047_136"	"Prok_bin48"	0.0311083775145472	0.294406618638491	0.0679754147861075	0.071085379184432	0.0425743527705477	0.0441377951787286	0.0747482708720492	0.0418360893763411	0.0355185604934501	0.137884463451683	0.0364775091241403	0.047564193048115	0.0458389066906651	0.0288477584006406	0.0318367824980909	0.747416617666667	0.949174329333333	0.859787991	1.04203779766667	1.04032184766667	0.131163470313049	0.0525991757112361	0.0507009735806135	0.0739753885413126	0.0355078158631322
"534-Prok_bin48-photosystem"	211.3578568	27.40767187	114.4310565	188.3228331	173.5317044	174.4588702	129.8357793	222.0809865	191.3827485	69.224623	285.2716715	237.78673	250.922215	288.7226066	357.405948	0.5658	0.5489	0.726706684	1.5639	0.6512	0.880376875	1.0531	0.724	0.781404316	0.9893	0.9986	0.692484856	1.2433	0.8366	1.308287501	0.9535	0.7473	1.033204079	"photosystem"	"kegg:photosystem_II_manganese-stabilizing_protein_PsbO_uniprot:F5UCD8_9CYAN_Photosystem_II_manganese-stabilizing_protein_PsbO_(TrEMBL)_pfam:MSP"	"Prok_bin48_NODE_52_length_141869_cov_255.355_93"	"Prok_bin48"	0.0267697642551039	0.200272391833769	0.0635060713609683	0.0830435680186249	0.0375262838713869	0.0504632910892254	0.0811101535861463	0.0326007197378871	0.0408294019249076	0.142911576419853	0.0350052283407327	0.0291220984451067	0.0495492198648095	0.028975909086296	0.0366050847312703	0.613802228	1.031825625	0.852834772	0.893461618666667	1.12939583366667	0.096849409149947	0.0570110476597458	0.0515134250829803	0.0690129677352307	0.0383767378941253
"557-Prok_bin48-photosystem"	211.3578568	27.40767187	114.4310565	188.3228331	173.5317044	174.4588702	129.8357793	222.0809865	191.3827485	69.224623	285.2716715	237.78673	250.922215	288.7226066	357.405948	0.5992	0.5714	0.749484122	1.5822	0.7699	0.920898974	0.994	0.7513	0.782910705	1.0876	1.1336	0.704392016	1.1017	1.0742	1.396104217	1.1453	0.777	1.062158704	"photosystem"	"kegg:photosystem_II_chlorophyll-binding_protein_CP47_uniprot:F5UP33_9CYAN_Photosystem_II_CP47_reaction_center_protein_(TrEMBL)_pfam:PSII"	"Prok_bin48_NODE_6_length_304507_cov_258.68_231"	"Prok_bin48"	0.0283500225197212	0.208481772078367	0.06549656578588	0.0840153036121673	0.0443665324824643	0.0527860218826523	0.0765582496103214	0.0338300010208213	0.0409081127288754	0.157111725982242	0.039737559430257	0.0296228480033347	0.0439060367771742	0.0372052612245985	0.0390621427766501	0.640028040666667	1.090999658	0.842736901666667	0.975197338666667	1.19066807233333	0.100776120127989	0.060389285992428	0.050432121120006	0.0754907111386112	0.0400578135928076
"559-Prok_bin48-photosystem"	211.3578568	27.40767187	114.4310565	188.3228331	173.5317044	174.4588702	129.8357793	222.0809865	191.3827485	69.224623	285.2716715	237.78673	250.922215	288.7226066	357.405948	0.8495	0.597	0.984734952	1.5288	0.8078	0.988526523	0.9558	0.6235	0.638512015	1.6616	1.1391	0.911128879	1.5889	1.1897	1.171454668	1.3707	1.014	0.859850526	"photosystem"	"kegg:photosystem_I_reaction_center_subunit_IX_uniprot:D8FZQ7_9CYAN_Photosystem_I_reaction_center_subunit_IX_(TrEMBL)_pfam:PSI_PsaJ"	"Prok_bin48_NODE_6_length_304507_cov_258.68_240"	"Prok_bin48"	0.0401924968800119	0.217822222489998	0.0860548685050374	0.0811797472900274	0.0465505714239962	0.0566624397983749	0.0736160714059811	0.0280753435864263	0.0333630915014265	0.240030198503212	0.0399303581042746	0.0383170616375439	0.0633224124854788	0.0412056407362734	0.032776585687936	0.810411650666667	1.10837550766667	0.739270671666667	1.237276293	1.31668488933333	0.114689862625016	0.0614642528374662	0.045018168831278	0.10609253941501	0.0457682129698961
"607-Prok_bin48-photosystem"	211.3578568	27.40767187	114.4310565	188.3228331	173.5317044	174.4588702	129.8357793	222.0809865	191.3827485	69.224623	285.2716715	237.78673	250.922215	288.7226066	357.405948	0.548	0.2947	0	1.527	0.3404	0	0.941	0.5461	0	0.9392	1.0903	0	1.1475	0.7051	0	1.0636	0.8934	0	"photosystem"	"kegg:photosystem_I_protein_PsaD_uniprot:A0A2G4EWM3_9CYAN_Photosystem_I_reaction_center_subunit_II_(TrEMBL)_pfam:PsaD"	"Prok_bin48_NODE_78_length_117289_cov_262.416_45"	"Prok_bin48"	0.0259275906889306	0.107524638137022	0	0.0810841667398429	0.0196160120236795	0	0.0724761699027288	0.0245901285205251	0	0.135674267232918	0.0382197080511725	0	0.0457313036233161	0.0244213644474627	0	0.2809	0.622466666666667	0.4957	0.6765	0.617533333333333	0.0444840762753177	0.0335667262545075	0.0323554328077513	0.0579646584280302	0.0233842226902596
"624-Prok_bin48-photosystem"	211.3578568	27.40767187	114.4310565	188.3228331	173.5317044	174.4588702	129.8357793	222.0809865	191.3827485	69.224623	285.2716715	237.78673	250.922215	288.7226066	357.405948	0.6216	1.0626	0.982315004	1.8601	1.0122	1.126215219	0.8323	0.9492	0.620506644	1.3325	0.8864	0.640868366	1.2132	1.0834	1.179740071	1.7286	1.8496	1.723295689	"photosystem"	"kegg:allophycocyanin_alpha-B_subunit_apoprotein_uniprot:K9VPV9_9CYAN_Allophycocyanin_alpha-B_subunit_apoprotein_(TrEMBL)_pfam:Phycobilisome"	"Prok_bin48_NODE_9_length_279717_cov_244.853_40"	"Prok_bin48"	0.029409836445692	0.387701664351544	0.0858433919990942	0.0987718785545394	0.0583293988553714	0.0645547697121336	0.0641040554835719	0.0427411646066333	0.0324222872157153	0.192489311209394	0.0310721353907726	0.0269513932085277	0.0483496449288079	0.0375239061727146	0.0330084062003355	0.888838334666667	1.33283840633333	0.800668881333333	0.953256122	1.15878002366667	0.16765163093211	0.0738853490406814	0.0464225024353068	0.0835042799362315	0.0396273191006194
"637-Prok_bin48-photosystem"	211.3578568	27.40767187	114.4310565	188.3228331	173.5317044	174.4588702	129.8357793	222.0809865	191.3827485	69.224623	285.2716715	237.78673	250.922215	288.7226066	357.405948	0.5385	0.8596	0.668138683	1.3476	0.7281	0.874363899	0.9171	0.7783	0.68872112	0.9352	1.0623	0.772640586	1.1377	1.2805	1.370799303	0.8169	0.7575	1.078670144	"photosystem"	"kegg:photosystem_I_reaction_centre_subunit_XI_PsaL_uniprot:K9VCW7_9CYAN_Photosystem_I_reaction_centre_subunit_XI_PsaL_(TrEMBL)_pfam:PsaL"	"Prok_bin48_NODE_90_length_111772_cov_261.202_56"	"Prok_bin48"	0.0254781160328268	0.313634811478061	0.058387880304155	0.0715579719047886	0.0419577507474767	0.0501186266996701	0.0706353830157201	0.0350457737182287	0.0359865831898636	0.135096438156117	0.0372381875289008	0.0324930069058101	0.0453407443418272	0.0443505278328974	0.0383541267477731	0.688746227666667	0.983354633	0.79470704	0.923380195333333	1.26299976766667	0.132500269271681	0.0545447831173118	0.0472225799746041	0.0682758775302759	0.0426817996408326
"660-Prok_bin59-photosystem"	0.338785548	0.516039828	2.79604993	0.215055239	0.337414309	0.442402365	0.272037458	0.386001872	0.22153393	0.272298111	0.41138063	0.852190351	0.156862248	0.222719803	0.229348234	0.9256	4.127	1.323578477	1.2791	1.3318	1.029811502	0.943	0.5222	1.006870747	1.4528	0.7414	0.662847638	0.912	0.616	0.641176939	1.0782	0.6719	1.436703444	"photosystem"	"kegg:allophycocyanin_beta_subunit_apoprotein_uniprot:K9UK33_CHAP6_Allophycocyanin_beta_subunit_apoprotein_(TrEMBL)_pfam:Phycobilisome"	"Prok_bin59_NODE_1656_length_44012_cov_3.443454_20"	"Prok_bin59"	27.3211181959863	79.9744472436341	4.73374406801097	59.4777419023956	39.4707623380608	23.2777124055383	34.6643439081099	13.528431799937	45.4499564468522	53.3532896965268	18.0222389177633	7.77816408296789	58.1401842462439	27.6580704410914	27.9564803189197	2.12539282566667	1.21357050066667	0.824023582333333	0.952349212666667	0.723058979666667	37.3431031692105	40.7420722153316	31.214244051633	26.3845642324193	37.918245002085
"662-Prok_bin59-photosystem"	0.338785548	0.516039828	2.79604993	0.215055239	0.337414309	0.442402365	0.272037458	0.386001872	0.22153393	0.272298111	0.41138063	0.852190351	0.156862248	0.222719803	0.229348234	1.007	5.7105	1.177974463	1.1924	1.3498	0.595336258	0.9496	0.4623	0.430042893	1.7267	0.835	0.264648288	0.9205	0.8086	0.368444175	1.0405	0.6674	0.329641044	"photosystem"	"kegg:phycocyanin_subunit_beta_uniprot:A0A0C2LCF5_9CYAN_Phycocyanin_(TrEMBL)_pfam:Phycobilisome"	"Prok_bin59_NODE_1881_length_40684_cov_3.510960_39"	"Prok_bin59"	29.7238180891943	110.660063238375	4.21299509125719	55.4462195640814	40.0042311187224	13.4568959187187	34.9069575558231	11.9766258542912	19.4120554354811	63.4121181986459	20.2975040414518	3.1055067414158	58.6820609634512	36.3057074004326	16.0648359298027	2.631824821	1.04584541933333	0.613980964333333	0.942116096	0.699181391666667	48.1989588062754	36.3024488671741	22.0985462818651	28.9383763271712	37.0175347645622
